{
  "Wayanad": {
    "Grama Panchayat": [
      "Ambalavayal",
      "Edavaka",
      "Kaniambetta",
      "Kottathara",
      "Meenangadi",
      "Meppadi",
      "Mullamkolly",
      "Mutil",
      "Nenmeni",
      "Noolpuzha",
      "Padinharethara",
      "Panamaram",
      "Poothadi",
      "Pozhuthana",
      "Pulpally",
      "Thariyode",
      "Thavinhal",
      "Thirunelly",
      "Thondernad",
      "Vellamunda",
      "Vengappally",
      "Vythiri"
    ],
    "Municipality": [
      "Kalpetta",
      "Mananthavady",
      "Sulthan Bathery"
    ],
    "Corporation": [
      "Nenmeni"
    ]
  },
  "Thrissur": {
    "Municipality": [
      "Chalakkudy",
      "Chavakkad",
      "Guruvayoor",
      "Irinjalakkuda",
      "Kodungalloor",
      "Kunnamkulam",
      "Mattathur",
      "Nadathara",
      "Valappad",
      "Wadakanchery"
    ],
    "Grama Panchayat": [
      "Adat",
      "Alagappa Nagar",
      "Alur",
      "Annamanada",
      "Anthikkad",
      "Arimpoor",
      "Athirappally",
      "Avanur",
      "Avinissery",
      "Chazhoor",
      "Chelakkara",
      "Cherpu",
      "Choondal",
      "Chowwannur",
      "Desamangalam",
      "Edathiruthy",
      "Edavilangu",
      "Elavally",
      "Engandiyur",
      "Eriyad",
      "Erumapetty",
      "Irinjalakkuda",
      "Kadangode",
      "Kadappuram",
      "Kadavallur",
      "Kadukutty",
      "Kaipamangalam",
      "Kaiparamba",
      "Kandanassery",
      "Karalam",
      "Kattakampal",
      "Kattur",
      "Kodakara",
      "Kodassery",
      "Kolazhy",
      "Kondazhy",
      "Kuzhur",
      "Madakkathara",
      "Mala",
      "Manalur",
      "Mathilakam",
      "Mattathur",
      "Melur",
      "Mulakunnathukavu",
      "Mullassery",
      "Mullurkara",
      "Muriyad",
      "Nadathara",
      "Nattika",
      "Nenmanikkara",
      "Orumanayur",
      "Padiyur",
      "Pananchery",
      "Panjal",
      "Paralam",
      "Parappukkara",
      "Pariyaram",
      "Pavaratty",
      "Pazhayannur",
      "Perinjanam",
      "Poomangalam",
      "Porkulam",
      "Poyya",
      "Pudukkad",
      "Punnayur",
      "Punnayurkulam",
      "Puthenchira",
      "Puthur",
      "Sree Narayanapuram",
      "Talikulam",
      "Thanniyam",
      "Thekkumkara",
      "Thiruvilwamala",
      "Tholur",
      "Trikkur",
      "Vadekkekad",
      "Valappad",
      "Vallachira",
      "Vallathol Nagar",
      "Varandarappilly",
      "Varavoor",
      "Vatanappilly",
      "Vellangallur",
      "Velukara",
      "Velur",
      "Venkitangu"
    ],
    "Corporation": [
      "Thrissur"
    ],
    "Grama panchayat": [
      "Koratty"
    ]
  },
  "Thiruvanathapuram": {
    "Grama Panchayat": [
      "Amboori",
      "Anad",
      "Andoorkonam",
      "Anjuthengu",
      "Aruvikkara",
      "Aryanad",
      "Aryancode",
      "Athiyannoor",
      "Azhoor",
      "Balaramapuram",
      "Chemmaruthy",
      "Chenkal",
      "Cherunniyoor",
      "Chirayinkeezhu",
      "Edava",
      "Elakamon",
      "Kadakkavoor",
      "Kadinamkulam",
      "Kallara",
      "Kallikkadu",
      "Kalliyoor",
      "Kanjiramkulam",
      "Karakulam",
      "Karavaram",
      "Karode",
      "Karumkulam",
      "Kattakkada",
      "Kilimanoor",
      "Kizhuvilam",
      "Kollayil",
      "Kottukal",
      "Kulathoor",
      "Kunnathukal",
      "Kuttichal",
      "Madavoor",
      "Malayinkeezh",
      "Manamboor",
      "Mangalapuram",
      "Manickal",
      "Maranalloor",
      "Mudakkal",
      "Nagaroor",
      "Nanniyode",
      "Navaikulam",
      "Nellanad",
      "Ottasekharamangalam",
      "Ottoor",
      "Pallichal",
      "Pallickal",
      "Panavoor",
      "Pangode",
      "Parassala",
      "Pazhayakunnummel",
      "Peringammala",
      "Perumkadavila",
      "Poovachal",
      "Poovar",
      "Pothencode",
      "Pulimath",
      "Pullampara",
      "Thirupuram",
      "Tholicode",
      "Uzhamalakkal",
      "Vakkom",
      "Vamanapuram",
      "Vellanad",
      "Vellarada",
      "Vembayam",
      "Venganoor",
      "Vettoor",
      "Vilappil",
      "Vilavoorkkal",
      "Vithura"
    ],
    "Municipality": [
      "Attingal",
      "Nedumangad",
      "Neyyattinkara",
      "Varkala"
    ],
    "Corporation": [
      "Thiruvananthapuram"
    ]
  },
  "Pathanamthitta": {
    "Grama Panchayat": [
      "Anicadu",
      "Aranmula",
      "Aruvapulam",
      "Ayiroor",
      "Chenneerkara",
      "Cherukole",
      "Chittar",
      "Elanthoor",
      "Enadimangalam",
      "Erathu",
      "Eraviperoor",
      "Ezhamkulam",
      "Ezhumattoor",
      "Kadampanadu",
      "Kadapra",
      "Kalanjoor",
      "Kallooppara",
      "Kaviyoor",
      "Kodumon",
      "Koipuram",
      "Konni",
      "Kottanadu",
      "Kottangal",
      "Kozhencherry",
      "Kulanada",
      "Kunnathanam",
      "Kuttoor",
      "Malayalapuzha",
      "Mallappally",
      "Mallapuzhassery",
      "Mezhuveli",
      "Mylapra",
      "Naranammoozhy",
      "Naranganam",
      "Nedumpuram",
      "Niranam",
      "Omallur",
      "Pallickal",
      "Pandalam Thekkekara",
      "Peringara",
      "Pramadom",
      "Puramattom",
      "Ranni",
      "Ranni Angadi",
      "Ranni Pazhavangadi",
      "Ranni Perunad",
      "Seethathodu",
      "Thannithodu",
      "Thottapuzhassery",
      "Thumpamon",
      "Vadasserikkara",
      "Vallicode",
      "Vechuchira"
    ],
    "Municipality": [
      "Adoor",
      "Pandalam",
      "Pathanamthitta",
      "Thiruvalla"
    ]
  },
  "Palakkad": {
    "Grama Panchayat": [
      "Agali",
      "Akathethara",
      "Alanallur",
      "Alathur",
      "Ambalapara",
      "Anakkara",
      "Ananganadi",
      "Ayiloor",
      "Chalavara",
      "Chalisseri",
      "Elappully",
      "Elavancherry",
      "Erimayur",
      "Eruthempathy",
      "Kadampazhipuram",
      "Kanjirapuzha",
      "Kannadi",
      "Kannambra",
      "Kappur",
      "Karakurissi",
      "Karimba",
      "Karimpuzha",
      "Kavassery",
      "Keralassery",
      "Kizhakkancherry",
      "Kodumba",
      "Koduvayur",
      "Kollengode",
      "Kongad",
      "Koppam",
      "Kottappadam",
      "Kottayi",
      "Kozhinjampara",
      "Kulukkallur",
      "Kumaramputhur",
      "Kuthanoor",
      "Kuzhalmannam",
      "Lakkidi-perur",
      "Malampuzha",
      "Mankara",
      "Mannur",
      "Marutharode",
      "Mathur",
      "Melarcode",
      "Mundur",
      "Muthalamada",
      "Muthuthala",
      "Nagalassery",
      "Nalleppilly",
      "Nellaya",
      "Nelliampathy",
      "Nemmara",
      "Ongallur",
      "Pallassana",
      "Parali",
      "Paruthur",
      "Pattencherry",
      "Pattithara",
      "Peringottukurissi",
      "Perumatty",
      "Peruvemba",
      "Pirayiri",
      "Polpully",
      "Pookkottukavu",
      "Puducode",
      "Puduppariyaram",
      "Pudur",
      "Pudusseri",
      "Puthunagaram",
      "Sholayar",
      "Sreekrishnapuram",
      "Tachampara",
      "Tarur",
      "Thachanattukara",
      "Thenkara",
      "Thenkurissi",
      "Thirumittacode",
      "Thiruvegapura",
      "Thrikkadeeri",
      "Thrithala",
      "Vadakarapathy",
      "Vadakkancheri",
      "Vadavannur",
      "Vallapuzha",
      "Vandazhy",
      "Vaniamkulam",
      "Vellinezhi",
      "Vilayur"
    ],
    "Municipality": [
      "Cherpulassery",
      "Chittoor Thathamangalam",
      "Koppam",
      "Mannarkad",
      "Ottappalam",
      "Palakkad",
      "Paruthur",
      "Pattambi",
      "Shornur"
    ]
  },
  "Malappuram": {
    "Grama Panchayat": [
      "Abdul Rahiman Nagar",
      "Alamcode",
      "Aliparamba",
      "Amarambalam",
      "Anakkayam",
      "Angadipuram",
      "Areekkode",
      "Athavanad",
      "Chaliyar",
      "Chekkode",
      "Chelambra",
      "Cheriyamundam",
      "Cherukavu",
      "Chokkad",
      "Chungathara",
      "Edakkara",
      "Edappal",
      "Edappatta",
      "Edarikode",
      "Edavanna",
      "Edayoor",
      "Elamkulam",
      "Irimbiliyam",
      "Kalady",
      "Kalikavu",
      "Kalpakancheri",
      "Kannamangalam",
      "Karulai",
      "Karuvarakundu",
      "Kavannur",
      "Keezhattur",
      "Keezhuparamba",
      "Kodur",
      "Koottilangadi",
      "Kuruva",
      "Kuttippuram",
      "Kuzhimanna",
      "Makkaraparamba",
      "Mampad",
      "Mangalam",
      "Mankada",
      "Marakkara",
      "Maranchery",
      "Melattur",
      "Moonniyur",
      "Moorkkanad",
      "Moothedam",
      "Morayur",
      "Muthuvallur",
      "Nannambra",
      "Nannamukku",
      "Niramaruthoor",
      "Othukkungal",
      "Ozhur",
      "Pallickal",
      "Pandikkad",
      "Parappur",
      "Perumana klari",
      "Perumpadappu",
      "Peruvallur",
      "Ponmala",
      "Ponmundam",
      "Pookkottur",
      "Porur",
      "Pothukkal",
      "Pulamanthole",
      "Pulikkal",
      "Pulpatta",
      "Purathur",
      "Puzhakkattiri",
      "Tanalur",
      "Tavanur",
      "Thalakkad",
      "Thazhekode",
      "Thenhippalam",
      "Thennala",
      "Thirunavaya",
      "Thiruvali",
      "Thuvvur",
      "Trikkalangode",
      "Triprangode",
      "Uragam",
      "Urangattiri",
      "Valavannur",
      "Vallikkunnu",
      "Vattamkulam",
      "Vazhakkad",
      "Vazhayur",
      "Vazhikkadavu",
      "Veliyancode",
      "Vengara",
      "Vettathur",
      "Vettom",
      "Wandoor"
    ],
    "Municipality": [
      "Kondotty",
      "Kottakkal",
      "Malappuram",
      "Manjeri",
      "Melattur",
      "Nilambur",
      "Parappanangadi",
      "Perinthalmanna",
      "Ponnani",
      "Pothukkal",
      "Tanur",
      "Thirur",
      "Tirurangadi",
      "Valanchery"
    ],
    "Muncipality": [
      "Ponnani"
    ]
  },
  "Kozhikode": {
    "Grama Panchayat": [
      "Arikulam",
      "Atholi",
      "Ayancheri",
      "Azhiyur",
      "Balusseri",
      "Chakittapara",
      "Changaroth",
      "Chathamangalam",
      "Chekkiad",
      "Chelannur",
      "Chemanachery",
      "Chengottukavu",
      "Cheruvannur",
      "Chorode",
      "Edacheri",
      "Eramala",
      "Kadalundi",
      "Kakkodi",
      "Kakkur",
      "Karasseri",
      "Kattippara",
      "Kavilumpara",
      "Kayakkodi",
      "Kayanna",
      "Keezhariyur",
      "Kodencheri",
      "Kodiyathur",
      "Koodaranji",
      "Koorachundu",
      "Koothali",
      "Kottur",
      "Kunnamangalam",
      "Kunnummal",
      "Kuruvattur",
      "Kuttiadi",
      "Madavoor",
      "Maniyur",
      "Maruthomkara",
      "Mavoor",
      "Meppayur",
      "Moodadi",
      "Nadapuram",
      "Naduvannur",
      "Nanmanda",
      "Narikunni",
      "Naripetta",
      "Nochad",
      "Olavanna",
      "Omassery",
      "Onchiyam",
      "Panangad",
      "Perambra",
      "Perumanna",
      "Peruvayal",
      "Purameri",
      "Puthuppady",
      "Thalakulathur",
      "Thamarasseri",
      "Thikkodi",
      "Thiruvallur",
      "Thiruvambadi",
      "Thuneri",
      "Thurayur",
      "Ulliyeri",
      "Unnikulum",
      "Valayam",
      "Vanimel",
      "Velom",
      "Villiyappally"
    ],
    "Municipality": [
      "Feroke",
      "Kodiyathur",
      "Koduvally",
      "Mukkam",
      "Payyoli",
      "Quilandy",
      "Ramanattukara",
      "Vadakara"
    ],
    "Corporation": [
      "Kozhikode"
    ],
    "Grama panchayat": [
      "Kizhakkoth"
    ]
  },
  "Kottayam": {
    "Grama Panchayat": [
      "Aimanam",
      "Akalakunnam",
      "Arpookara",
      "Athirampuzha",
      "Ayarkkunnam",
      "Bharananganam",
      "Chempu",
      "Chirakkadavu",
      "Elikulam",
      "Erumeli",
      "Kadanad",
      "Kadaplamattom",
      "Kaduthuruthy",
      "Kallara",
      "Kanakkari",
      "Kangazha",
      "Kanjirappally",
      "Karoor",
      "Karukachal",
      "Kidangoor",
      "Kooroppada",
      "Koottickal",
      "Koruthode",
      "Kozhuvanal",
      "Kumarakom",
      "Kuravilangad",
      "Kurichy",
      "Madappally",
      "Manarcad",
      "Manimala",
      "Manjoor",
      "Marangattupally",
      "Maravanthuruthu",
      "Meenachil",
      "Meenadom",
      "Melukavu",
      "Moonilavu",
      "Mulakulam",
      "Mundakayam",
      "Mutholy",
      "Nedumkunnam",
      "Neendoor",
      "Njeezhoor",
      "Paippad",
      "Pallikkathode",
      "Pampady",
      "Panachikkad",
      "Parathode",
      "Poonjar",
      "Poonjar Thekkekara",
      "Puthuppally",
      "Ramapuram",
      "TV Puram",
      "Teekoy",
      "Thalanad",
      "Thalappalam",
      "Thalayazham",
      "Thalayolaparambu",
      "Thidanad",
      "Thiruvarpu",
      "Thrikkodithanam",
      "Udayanapuram",
      "Uzhavoor",
      "Vakathanam",
      "Vazhappally",
      "Vazhoor",
      "Vechoor",
      "Veliyannoor",
      "Vellavoor",
      "Velloor",
      "Vijayapuram"
    ],
    "Municipality": [
      "Changanassery",
      "Erattupetta",
      "Ettumanoor",
      "Kottayam",
      "Pala",
      "Vaikom"
    ]
  },
  "Kollam": {
    "Grama Panchayat": [
      "Adichanalloor",
      "Alappad",
      "Alayamon",
      "Anchal",
      "Ariencavu",
      "Chadayamangalam",
      "Chathannur",
      "Chavara",
      "Chirakkara",
      "Chithara",
      "Clappana",
      "Edamulakkal",
      "Elamadu",
      "Elampalloor",
      "Ezhukone",
      "Ittiva",
      "Kadakkal",
      "Kalluvathukkal",
      "Karavaloor",
      "Kareepra",
      "Kizhakkekallada",
      "Kottamkara",
      "Kulakkada",
      "Kulasekharapuram",
      "Kulathupuzha",
      "Kummil",
      "Kundara",
      "Kunnathur",
      "Mayyanad",
      "Melila",
      "Muntrothuruthu",
      "Mylam",
      "Mynagappally",
      "Nedumpana",
      "Neduvathur",
      "Neendakara",
      "Nilamel",
      "Oachira",
      "Panayam",
      "Panmana",
      "Pathanapuram",
      "Pattazhi",
      "Pattazhi Vadakkekara",
      "Pavithreswaram",
      "Perayam",
      "Perinad",
      "Piravanthur",
      "Poothakkulam",
      "Pooyappally",
      "Poruvazhy",
      "Sasthamcotta",
      "Sooranad North",
      "Sooranad South",
      "Thalavoor",
      "Thazhava",
      "Thekkumbhagom",
      "Thenmala",
      "Thevalakkara",
      "Thodiyoor",
      "Thrikkaruva",
      "Thrikkovilvattom",
      "Ummannur",
      "Velinallur",
      "Veliyam",
      "Vettikkavala",
      "Vilakudy",
      "West Kallada",
      "Yeroor"
    ],
    "Municipality": [
      "Karunagappally",
      "Kottarakara",
      "Paravoor",
      "Punaloor"
    ],
    "Corporation": [
      "Kollam"
    ]
  },
  "Kasaragod": {
    "Grama Panchayat": [
      "Ajanoor",
      "Badiyadka",
      "Balal",
      "Bedaduka",
      "Belloor",
      "Chemnad",
      "Chengala",
      "Cheruvathur",
      "Delampady",
      "East Eleri",
      "Enmakaje",
      "Kallar",
      "Karadka",
      "Kayyur Cheemeni",
      "Kinanoor Karinthalam",
      "Kodombellur",
      "Kumbadaje",
      "Kumbala",
      "Kuttikol",
      "Madhur",
      "Madikkai",
      "Mangalpady",
      "Manjewswaram",
      "Meenja",
      "Mogral Puthur",
      "Muliyar",
      "Padne",
      "Paivalike",
      "Pallikkara",
      "Panathady",
      "Pilicode",
      "Pullurperiya",
      "Puthige",
      "Thrikkaripur",
      "Udma",
      "Valiyaparamba",
      "Vorkady",
      "West Eleri"
    ],
    "Municipality": [
      "Kanjhangad",
      "Kasargod",
      "Nileshwar"
    ]
  },
  "Kannur": {
    "Grama Panchayat": [
      "Alakode",
      "Ancharakandy",
      "Aralam",
      "Ayyankunnu",
      "Azhikode",
      "Chapparapadavu",
      "Chembilode",
      "Chengalai",
      "Cherukunnu",
      "Cherupuzha",
      "Cheruthazham",
      "Chirakkal",
      "Chittariparamba",
      "Chokli",
      "Dharmadom",
      "Eramam Kuttoor",
      "Eranholi",
      "Eruvassey",
      "Ezhome",
      "Irikkur",
      "Kadambur",
      "Kadannapally Panapuzha",
      "Kadirur",
      "Kalliasseri",
      "Kangole Alapadamba",
      "Kanichar",
      "Kannapuram",
      "Karivellur Peralam",
      "Keezhallur",
      "Kelakom",
      "Kolacherry",
      "Kolayad",
      "Koodali",
      "Kottayam",
      "Kottiyoor",
      "Kunhimangalam",
      "Kunnathuparamba",
      "Kurumathur",
      "Kuttiattur",
      "Madayi",
      "Malapattom",
      "Malur",
      "Mangattidam",
      "Mattool",
      "Mayyil",
      "Mokeri",
      "Munderi",
      "Muzhakkunnu",
      "Muzhappilangad",
      "Naduvil",
      "Narath",
      "New Mahi",
      "Padiyur Kalliad",
      "Panniyannur",
      "Pappinisseri",
      "Pariyaram",
      "Pattiam",
      "Pattuvam",
      "Payam",
      "Payyavoor",
      "Peralasseri",
      "Peravoor",
      "Peringome Vayakkara",
      "Pinarayi",
      "Ramanthali",
      "Thilankeri",
      "Triprangottur",
      "Udayagiri",
      "Ulikkal",
      "Valapattanam",
      "Vengad"
    ],
    "Municipality": [
      "Anthoor",
      "Iritty",
      "Koothuparamba",
      "Mattannur",
      "Panoor",
      "Pattiam",
      "Payyannur",
      "Sreekandapuram",
      "Thalassery",
      "Thalipparamba"
    ],
    "Corporation": [
      "Kannur",
      "Kolayad",
      "Muzhappilangad"
    ]
  },
  "Idukki": {
    "Grama Panchayat": [
      "Adimaly",
      "Alakkode",
      "Arakulam",
      "Ayyappancoil",
      "Bisonvalley",
      "Chakkupallam",
      "Chinnakanal",
      "Devikulam",
      "Edamalakkudy",
      "Edavetty",
      "Elappara",
      "Erattayar",
      "Idukki Kanjikuzhy",
      "Kamakshy",
      "Kanchiyar",
      "Kanthalloor",
      "Karimannoor",
      "Karimkunnam",
      "Karunapuram",
      "Kodikulam",
      "Kokkayar",
      "Konnathady",
      "Kudayathoor",
      "Kumaramangalam",
      "Kumily",
      "Manakkad",
      "Mankulam",
      "Marayoor",
      "Mariyapuram",
      "Munnar",
      "Muttom",
      "Nedumkandam",
      "Pallivasal",
      "Pampadumpara",
      "Peerumedu",
      "Peruvanthanam",
      "Purapuzha",
      "Rajakkad",
      "Rajakumari",
      "Santhanpara",
      "Senapathy",
      "Udumbanchola",
      "Udumbanoor",
      "Upputhara",
      "Vandanmedu",
      "Vandiperiyar",
      "Vannappuram",
      "Vathikudy",
      "Vattavada",
      "Vazhathope",
      "Vellathooval",
      "Velliyamattom"
    ],
    "Municipality": [
      "Kattappana",
      "Thodupuzha"
    ]
  },
  "Ernakulam": {
    "Grama Panchayat": [
      "Aikaranad",
      "Alangad",
      "Amballur",
      "Arakuzha",
      "Asamannoor",
      "Avoly",
      "Ayavana",
      "Ayyampuzha",
      "Chellanam",
      "Chendamangalam",
      "Chengamanad",
      "Cheranallur",
      "Chittattukara",
      "Choornikkara",
      "Chottanikkara",
      "Edakkattuvayal",
      "Edathala",
      "Edavanakkad",
      "Elamkunnapuzha",
      "Elanji",
      "Ezhikkara",
      "Kadamakudy",
      "Kadungallur",
      "Kalady",
      "Kalloorkkad",
      "Kanjoor",
      "Karukutty",
      "Karumalloor",
      "Kavalangad",
      "Keerampara",
      "Keezhmad",
      "Kizhakkambalam",
      "Koovappady",
      "Kottappady",
      "Kottuvally",
      "Kumbalam",
      "Kumbalangy",
      "Kunnathunad",
      "Kunnukara",
      "Kuttampuzha",
      "Kuzhuppilly",
      "Malayattoor Neeleswaram",
      "Maneed",
      "Manjalloor",
      "Manjapra",
      "Marady",
      "Mazhuvannoor",
      "Mookkannur",
      "Mudakuzha",
      "Mulamthuruthy",
      "Mulavukad",
      "Nayarambalam",
      "Nedumbassery",
      "Nellikkuzhi",
      "Njarakkal",
      "Okkal",
      "Paingottur",
      "Paipra",
      "Palakuzha",
      "Pallarimangalam",
      "Pallippuram",
      "Pampakuda",
      "Parakkadavu",
      "Pindimana",
      "Poothrika",
      "Pothanikkad",
      "Puthenvelikara",
      "Ramamangalam",
      "Rayamangalam",
      "Sreemoolanagaram",
      "Thirumarady",
      "Thiruvaniyoor",
      "Thuravoor",
      "Udayamperur",
      "Vadakkekara",
      "Vadavucode Puthen Cruz",
      "Valakom",
      "Varappetty",
      "Varapuzha",
      "Vazhakkulam",
      "Vengola",
      "Vengoor"
    ],
    "Municipality": [
      "Aluva",
      "Angamaly",
      "Eloor",
      "Kalamassery",
      "Koothattukulam",
      "Kothamangalam",
      "Maradu",
      "Muvattupuzha",
      "North Paravur",
      "Perumbavoor",
      "Piravom",
      "Thrikkakara",
      "Tripunithura"
    ],
    "Corporation": [
      "Cochin",
      "Pindimana"
    ]
  },
  "Alappuzha": {
    "Grama Panchayat": [
      "Ala",
      "Ambalapuzha North",
      "Ambalapuzha South",
      "Arattupuzha",
      "Arookutty",
      "Aroor",
      "Aryad",
      "Bharanikavu",
      "Budhanur",
      "Champakulam",
      "Chennampallippuram",
      "Chennithala Thriperumthura",
      "Cheppad",
      "Cheriyanad",
      "Cherthala South",
      "Cheruthana",
      "Chettikulangara",
      "Chingoli",
      "Chunakkara",
      "Devikulangara",
      "Edathua",
      "Ezhupunna",
      "Kadakkarappally",
      "Kainakary",
      "Kandalloor",
      "Kanjikuzhi",
      "Karthikappally",
      "Karuvatta",
      "Kavalam",
      "Kodamthuruthu",
      "Krishnapuram",
      "Kumarapuram",
      "Kuthiathodu",
      "Mannanchery",
      "Mannar",
      "Mararikulam North",
      "Mararikulam South",
      "Mavelikara Thamarakulam",
      "Mavelikkara Thekkekara",
      "Muhamma",
      "Mulakuzha",
      "Muthukulam",
      "Muttar",
      "Nedumudi",
      "Neelamperoor",
      "Nooranad",
      "Palamel",
      "Pallippad",
      "Panavally",
      "Pandanad",
      "Pathiyoor",
      "Pattanakkad",
      "Perumbalam",
      "Pulinkunnu",
      "Puliyoor",
      "Punnapra North",
      "Punnapra South",
      "Purakkad",
      "Ramankari",
      "Thaicattussery",
      "Thakazhi",
      "Thalavadi",
      "Thanneermukkam",
      "Thazhakara",
      "Thiruvanvandur",
      "Thrikkunnapuzha",
      "Thuravoor",
      "Vallikunnam",
      "Vayalar",
      "Veeyapuram",
      "Veliyanad",
      "Venmony"
    ],
    "Grama panchayat": [
      "Nooranad"
    ],
    "Municipality": [
      "Alappuzha",
      "Chengannur",
      "Cherthala",
      "Haripad",
      "Kayamkulam",
      "Mavelikkara"
    ]
  }
}